InvoiceNo,StockCode,Description,Quantity,InvoiceDate,UnitPrice,CustomerID,Country
560841,23123,COCKTAIL SWORDS 50 PIECES,36,7/21/2011 12:25,0.72,14298,United Kingdom
560841,23122,PARTY CHARMS 50 PIECES,36,7/21/2011 12:25,0.72,14298,United Kingdom
560841,22491,PACK OF 12 COLOURED PENCILS,24,7/21/2011 12:25,0.72,14298,United Kingdom
560924,23293,SET OF 12 FAIRY CAKE BAKING CASES,128,7/22/2011 9:01,0.72,15061,United Kingdom
560977,22962,JAM JAR WITH PINK LID,48,7/22/2011 12:09,0.72,16839,United Kingdom
560977,22963,JAM JAR WITH GREEN LID,48,7/22/2011 12:09,0.72,16839,United Kingdom
561009,22197,POPCORN HOLDER,100,7/22/2011 16:03,0.72,15856,United Kingdom
561031,20724,RED RETROSPOT CHARLOTTE BAG,100,7/24/2011 11:32,0.72,13461,United Kingdom
561031,23204,CHARLOTTE BAG APPLES DESIGN,100,7/24/2011 11:32,0.72,13461,United Kingdom
561031,20723,STRAWBERRY CHARLOTTE BAG,100,7/24/2011 11:32,0.72,13461,United Kingdom
561031,20719,WOODLAND CHARLOTTE BAG,100,7/24/2011 11:32,0.72,13461,United Kingdom
561046,22197,POPCORN HOLDER,100,7/24/2011 12:33,0.72,16218,United Kingdom
561048,21238,RED RETROSPOT CUP,96,7/24/2011 12:51,0.72,12939,United Kingdom
561052,23287,RED VINTAGE SPOT BEAKER,96,7/24/2011 13:12,0.72,16684,United Kingdom
561052,23285,PINK VINTAGE SPOT BEAKER,96,7/24/2011 13:12,0.72,16684,United Kingdom
561052,23286,BLUE VINTAGE SPOT BEAKER,96,7/24/2011 13:12,0.72,16684,United Kingdom
561073,71459,HANGING JAM JAR T-LIGHT HOLDER,96,7/24/2011 15:46,0.72,13408,United Kingdom
561101,22740,POLKADOT PEN,336,7/25/2011 11:05,0.72,16013,United Kingdom
561208,23295,SET OF 12 MINI LOAF BAKING CASES,128,7/25/2011 16:39,0.72,15372,United Kingdom
561208,22356,CHARLOTTE BAG PINK POLKADOT,100,7/25/2011 16:39,0.72,15372,United Kingdom
561208,20724,RED RETROSPOT CHARLOTTE BAG,100,7/25/2011 16:39,0.72,15372,United Kingdom
561208,21704,BAG 250g SWIRLY MARBLES,72,7/25/2011 16:39,0.72,15372,United Kingdom
561208,21790,VINTAGE SNAP CARDS,72,7/25/2011 16:39,0.72,15372,United Kingdom
561258,23101,SILVER STARS TABLE DECORATION,72,7/26/2011 12:03,0.72,15513,United Kingdom
561388,22661,CHARLOTTE BAG DOLLY GIRL DESIGN,100,7/27/2011 9:32,0.72,12753,Japan
561388,22907,PACK OF 20 NAPKINS PANTRY DESIGN,96,7/27/2011 9:32,0.72,12753,Japan
561474,22355,CHARLOTTE BAG SUKI DESIGN,100,7/27/2011 13:18,0.72,14680,United Kingdom
561532,23293,SET OF 12 FAIRY CAKE BAKING CASES,144,7/28/2011 9:30,0.72,15061,United Kingdom
561645,22909,SET OF 20 VINTAGE CHRISTMAS NAPKINS,192,7/28/2011 15:16,0.72,14911,EIRE
561645,22945,CHRISTMAS METAL TAGS ASSORTED ,144,7/28/2011 15:16,0.72,14911,EIRE
561647,22418,10 COLOUR SPACEBOY PEN,144,7/28/2011 15:20,0.72,13340,United Kingdom
561669,23295,SET OF 12 MINI LOAF BAKING CASES,128,7/28/2011 17:09,0.72,12507,Spain
561669,23294,SET OF 6 SNACK LOAF BAKING CASES,128,7/28/2011 17:09,0.72,12507,Spain
561669,23293,SET OF 12 FAIRY CAKE BAKING CASES,128,7/28/2011 17:09,0.72,12507,Spain
561719,21080,SET/20 RED RETROSPOT PAPER NAPKINS ,96,7/29/2011 12:09,0.72,17519,United Kingdom
561809,15036,ASSORTED COLOURS SILK FAN,600,7/29/2011 15:12,0.72,16684,United Kingdom
561877,22197,POPCORN HOLDER,200,7/31/2011 12:16,0.72,16401,United Kingdom
562085,22907,PACK OF 20 NAPKINS PANTRY DESIGN,96,8/2/2011 12:27,0.72,15228,United Kingdom
562096,71459,HANGING JAM JAR T-LIGHT HOLDER,96,8/2/2011 13:16,0.72,15311,United Kingdom
562096,20733,GOLD MINI TAPE MEASURE ,100,8/2/2011 13:16,0.72,15311,United Kingdom
562109,21080,SET/20 RED RETROSPOT PAPER NAPKINS ,96,8/2/2011 15:42,0.72,13798,United Kingdom
562143,23122,PARTY CHARMS 50 PIECES,144,8/3/2011 10:41,0.72,16422,United Kingdom
562153,22491,PACK OF 12 COLOURED PENCILS,48,8/3/2011 11:21,0.72,14088,United Kingdom
562153,20983,12 PENCILS TALL TUBE RED RETROSPOT,48,8/3/2011 11:21,0.72,14088,United Kingdom
562153,20982,12 PENCILS TALL TUBE SKULLS,48,8/3/2011 11:21,0.72,14088,United Kingdom
562285,15036,ASSORTED COLOURS SILK FAN,720,8/4/2011 10:45,0.72,17404,Sweden
562286,71459,HANGING JAM JAR T-LIGHT HOLDER,120,8/4/2011 10:45,0.72,15061,United Kingdom
562332,20724,RED RETROSPOT CHARLOTTE BAG,100,8/4/2011 11:44,0.72,13791,United Kingdom
562332,22356,CHARLOTTE BAG PINK POLKADOT,100,8/4/2011 11:44,0.72,13791,United Kingdom
562348,22197,POPCORN HOLDER,100,8/4/2011 12:36,0.72,17511,United Kingdom
562348,21078,SET/20 STRAWBERRY PAPER NAPKINS ,96,8/4/2011 12:36,0.72,17511,United Kingdom
562348,21080,SET/20 RED RETROSPOT PAPER NAPKINS ,96,8/4/2011 12:36,0.72,17511,United Kingdom
562374,22945,CHRISTMAS METAL TAGS ASSORTED ,144,8/4/2011 14:40,0.72,14911,EIRE
562374,22909,SET OF 20 VINTAGE CHRISTMAS NAPKINS,192,8/4/2011 14:40,0.72,14911,EIRE
562439,22197,POPCORN HOLDER,1900,8/4/2011 18:06,0.72,12931,United Kingdom
562448,23204,CHARLOTTE BAG APPLES DESIGN,100,8/4/2011 19:22,0.72,17428,United Kingdom
562448,20724,RED RETROSPOT CHARLOTTE BAG,100,8/4/2011 19:22,0.72,17428,United Kingdom
562448,20723,STRAWBERRY CHARLOTTE BAG,100,8/4/2011 19:22,0.72,17428,United Kingdom
562448,23205,CHARLOTTE BAG VINTAGE ALPHABET ,100,8/4/2011 19:22,0.72,17428,United Kingdom
562563,21704,BAG 250g SWIRLY MARBLES,72,8/7/2011 10:24,0.72,13450,United Kingdom
562586,22130,PARTY CONE CHRISTMAS DECORATION ,144,8/7/2011 14:33,0.72,16066,United Kingdom
562608,22197,POPCORN HOLDER,200,8/8/2011 11:45,0.72,15502,United Kingdom
562710,20719,WOODLAND CHARLOTTE BAG,30,8/8/2011 14:37,0.72,14298,United Kingdom
562710,22661,CHARLOTTE BAG DOLLY GIRL DESIGN,20,8/8/2011 14:37,0.72,14298,United Kingdom
562710,20723,STRAWBERRY CHARLOTTE BAG,20,8/8/2011 14:37,0.72,14298,United Kingdom
562710,22355,CHARLOTTE BAG SUKI DESIGN,50,8/8/2011 14:37,0.72,14298,United Kingdom
562710,20724,RED RETROSPOT CHARLOTTE BAG,20,8/8/2011 14:37,0.72,14298,United Kingdom
562710,22356,CHARLOTTE BAG PINK POLKADOT,30,8/8/2011 14:37,0.72,14298,United Kingdom
562710,23204,CHARLOTTE BAG APPLES DESIGN,20,8/8/2011 14:37,0.72,14298,United Kingdom
562710,22197,POPCORN HOLDER,36,8/8/2011 14:37,0.72,14298,United Kingdom
562789,23293,SET OF 12 FAIRY CAKE BAKING CASES,256,8/9/2011 13:50,0.72,14646,Netherlands
562789,23294,SET OF 6 SNACK LOAF BAKING CASES,256,8/9/2011 13:50,0.72,14646,Netherlands
562789,23295,SET OF 12 MINI LOAF BAKING CASES,256,8/9/2011 13:50,0.72,14646,Netherlands
562789,23285,PINK VINTAGE SPOT BEAKER,96,8/9/2011 13:50,0.72,14646,Netherlands
562789,23286,BLUE VINTAGE SPOT BEAKER,96,8/9/2011 13:50,0.72,14646,Netherlands
562789,23287,RED VINTAGE SPOT BEAKER,96,8/9/2011 13:50,0.72,14646,Netherlands
562789,23288,GREEN VINTAGE SPOT BEAKER,96,8/9/2011 13:50,0.72,14646,Netherlands
562789,22907,PACK OF 20 NAPKINS PANTRY DESIGN,96,8/9/2011 13:50,0.72,14646,Netherlands
562789,20724,RED RETROSPOT CHARLOTTE BAG,200,8/9/2011 13:50,0.72,14646,Netherlands
562789,20719,WOODLAND CHARLOTTE BAG,200,8/9/2011 13:50,0.72,14646,Netherlands
562789,23204,CHARLOTTE BAG APPLES DESIGN,200,8/9/2011 13:50,0.72,14646,Netherlands
562789,20723,STRAWBERRY CHARLOTTE BAG,100,8/9/2011 13:50,0.72,14646,Netherlands
562789,22355,CHARLOTTE BAG SUKI DESIGN,100,8/9/2011 13:50,0.72,14646,Netherlands
562850,23204,CHARLOTTE BAG APPLES DESIGN,100,8/10/2011 10:08,0.72,14680,United Kingdom
562880,21240,BLUE POLKADOT CUP,96,8/10/2011 10:53,0.72,15838,United Kingdom
562880,21239,PINK  POLKADOT CUP,96,8/10/2011 10:53,0.72,15838,United Kingdom
562880,21238,RED RETROSPOT CUP,96,8/10/2011 10:53,0.72,15838,United Kingdom
562917,22197,POPCORN HOLDER,600,8/10/2011 13:43,0.72,17949,United Kingdom
562973,21790,VINTAGE SNAP CARDS,144,8/11/2011 11:42,0.72,14911,EIRE
563038,21704,BAG 250g SWIRLY MARBLES,72,8/11/2011 15:05,0.72,16656,United Kingdom
563074,22197,POPCORN HOLDER,600,8/11/2011 15:58,0.72,12931,United Kingdom
563076,22355,CHARLOTTE BAG SUKI DESIGN,100,8/11/2011 16:12,0.72,14646,Netherlands
563076,22418,10 COLOUR SPACEBOY PEN,288,8/11/2011 16:12,0.72,14646,Netherlands
563076,22661,CHARLOTTE BAG DOLLY GIRL DESIGN,200,8/11/2011 16:12,0.72,14646,Netherlands
563076,23205,CHARLOTTE BAG VINTAGE ALPHABET ,100,8/11/2011 16:12,0.72,14646,Netherlands
563076,23280,FOLDING BUTTERFLY MIRROR HOT PINK ,192,8/11/2011 16:12,0.72,14646,Netherlands
563076,23281,FOLDING BUTTERFLY MIRROR RED  ,96,8/11/2011 16:12,0.72,14646,Netherlands
563076,22356,CHARLOTTE BAG PINK POLKADOT,200,8/11/2011 16:12,0.72,14646,Netherlands
563076,23293,SET OF 12 FAIRY CAKE BAKING CASES,128,8/11/2011 16:12,0.72,14646,Netherlands
563076,23295,SET OF 12 MINI LOAF BAKING CASES,128,8/11/2011 16:12,0.72,14646,Netherlands
563076,20719,WOODLAND CHARLOTTE BAG,200,8/11/2011 16:12,0.72,14646,Netherlands
563076,20723,STRAWBERRY CHARLOTTE BAG,100,8/11/2011 16:12,0.72,14646,Netherlands
563076,22945,CHRISTMAS METAL TAGS ASSORTED ,144,8/11/2011 16:12,0.72,14646,Netherlands
563076,22603,CHRISTMAS RETROSPOT TREE WOOD,144,8/11/2011 16:12,0.72,14646,Netherlands
563076,22601,CHRISTMAS RETROSPOT ANGEL WOOD,144,8/11/2011 16:12,0.72,14646,Netherlands
563076,22594,CHRISTMAS GINGHAM TREE,144,8/11/2011 16:12,0.72,14646,Netherlands
563076,22571,ROCKING HORSE RED CHRISTMAS ,96,8/11/2011 16:12,0.72,14646,Netherlands
563163,22197,SMALL POPCORN HOLDER,100,8/12/2011 12:16,0.72,16013,United Kingdom
563165,22355,CHARLOTTE BAG SUKI DESIGN,100,8/12/2011 12:36,0.72,14646,Netherlands
563165,20723,STRAWBERRY CHARLOTTE BAG,100,8/12/2011 12:36,0.72,14646,Netherlands
563165,22356,CHARLOTTE BAG PINK POLKADOT,100,8/12/2011 12:36,0.72,14646,Netherlands
563165,22661,CHARLOTTE BAG DOLLY GIRL DESIGN,100,8/12/2011 12:36,0.72,14646,Netherlands
563171,71459,HANGING JAM JAR T-LIGHT HOLDER,96,8/12/2011 12:46,0.72,16317,United Kingdom
563262,22197,POPCORN HOLDER,100,8/15/2011 12:44,0.72,15311,United Kingdom
563345,23295,SET OF 12 MINI LOAF BAKING CASES,128,8/15/2011 13:22,0.72,12619,Germany
563345,23293,SET OF 12 FAIRY CAKE BAKING CASES,128,8/15/2011 13:22,0.72,12619,Germany
563532,21239,PINK  POLKADOT CUP,96,8/17/2011 11:04,0.72,17511,United Kingdom
563532,21078,SET/20 STRAWBERRY PAPER NAPKINS ,96,8/17/2011 11:04,0.72,17511,United Kingdom
563532,22197,POPCORN HOLDER,100,8/17/2011 11:04,0.72,17511,United Kingdom
563532,23295,SET OF 12 MINI LOAF BAKING CASES,128,8/17/2011 11:04,0.72,17511,United Kingdom
563532,21238,RED RETROSPOT CUP,96,8/17/2011 11:04,0.72,17511,United Kingdom
563558,71459,HANGING JAM JAR T-LIGHT HOLDER,96,8/17/2011 13:40,0.72,14156,EIRE
563613,20719,WOODLAND CHARLOTTE BAG,100,8/18/2011 8:49,0.72,12688,Israel
563613,20724,RED RETROSPOT CHARLOTTE BAG,100,8/18/2011 8:49,0.72,12688,Israel
563614,23285,PINK VINTAGE SPOT BEAKER,96,8/18/2011 8:51,0.72,12415,Australia
563614,23288,GREEN VINTAGE SPOT BEAKER,96,8/18/2011 8:51,0.72,12415,Australia
563614,23286,BLUE VINTAGE SPOT BEAKER,96,8/18/2011 8:51,0.72,12415,Australia
563614,23287,RED VINTAGE SPOT BEAKER,96,8/18/2011 8:51,0.72,12415,Australia
563614,23353,6 GIFT TAGS VINTAGE CHRISTMAS ,216,8/18/2011 8:51,0.72,12415,Australia
563614,22909,SET OF 20 VINTAGE CHRISTMAS NAPKINS,288,8/18/2011 8:51,0.72,12415,Australia
563659,22908,PACK OF 20 NAPKINS RED APPLES,96,8/18/2011 11:00,0.72,13694,United Kingdom
563954,71459,HANGING JAM JAR T-LIGHT HOLDER,96,8/22/2011 10:59,0.72,16652,United Kingdom
564109,82578,KITCHEN METAL SIGN,48,8/23/2011 10:48,0.72,17450,United Kingdom
564219,21080,SET/20 RED RETROSPOT PAPER NAPKINS ,96,8/24/2011 9:30,0.72,16422,United Kingdom
564322,20724,RED RETROSPOT CHARLOTTE BAG,100,8/24/2011 13:23,0.72,13694,United Kingdom
564322,22355,CHARLOTTE BAG SUKI DESIGN,100,8/24/2011 13:23,0.72,13694,United Kingdom
564322,22356,CHARLOTTE BAG PINK POLKADOT,100,8/24/2011 13:23,0.72,13694,United Kingdom
564322,22661,CHARLOTTE BAG DOLLY GIRL DESIGN,100,8/24/2011 13:23,0.72,13694,United Kingdom
564351,21704,BAG 250g SWIRLY MARBLES,72,8/24/2011 14:59,0.72,13881,United Kingdom
564561,23431,NATURAL HANGING QUILTED HEARTS ,576,8/26/2011 9:55,0.72,13340,United Kingdom
564583,22197,POPCORN HOLDER,600,8/26/2011 11:24,0.72,17949,United Kingdom
564650,22437,SET OF 9 BLACK SKULL BALLOONS,200,8/26/2011 14:17,0.72,14646,Netherlands
564650,20724,RED RETROSPOT CHARLOTTE BAG,200,8/26/2011 14:17,0.72,14646,Netherlands
564650,23280,FOLDING BUTTERFLY MIRROR HOT PINK ,192,8/26/2011 14:17,0.72,14646,Netherlands
564650,23281,FOLDING BUTTERFLY MIRROR RED  ,192,8/26/2011 14:17,0.72,14646,Netherlands
564650,35961,FOLKART ZINC HEART CHRISTMAS DEC,288,8/26/2011 14:17,0.72,14646,Netherlands
564657,23102,SILVER HEARTS TABLE DECORATION,72,8/26/2011 14:44,0.72,14135,United Kingdom
564657,23101,SILVER STARS TABLE DECORATION,72,8/26/2011 14:44,0.72,14135,United Kingdom
564855,22945,CHRISTMAS METAL TAGS ASSORTED ,144,8/31/2011 9:10,0.72,16746,United Kingdom
564872,22197,POPCORN HOLDER,100,8/31/2011 10:47,0.72,16083,United Kingdom
564898,84945,MULTI COLOUR SILVER T-LIGHT HOLDER,192,8/31/2011 11:25,0.72,14513,United Kingdom
565116,84945,MULTI COLOUR SILVER T-LIGHT HOLDER,192,9/1/2011 11:30,0.72,13089,United Kingdom
565145,23445,ICE CREAM BUBBLES,200,9/1/2011 13:50,0.72,12415,Australia
565150,23155,KNICKERBOCKERGLORY MAGNET ASSORTED ,24,9/1/2011 14:26,0.72,14298,United Kingdom
565150,15036,ASSORTED COLOURS SILK FAN,48,9/1/2011 14:26,0.72,14298,United Kingdom
565150,23144,ZINC T-LIGHT HOLDER STARS SMALL,48,9/1/2011 14:26,0.72,14298,United Kingdom
565150,23225,CHERUB HEART DECORATION SILVER ,24,9/1/2011 14:26,0.72,14298,United Kingdom
565150,23293,SET OF 12 FAIRY CAKE BAKING CASES,24,9/1/2011 14:26,0.72,14298,United Kingdom
565150,23295,SET OF 12 MINI LOAF BAKING CASES,16,9/1/2011 14:26,0.72,14298,United Kingdom
565150,23432,PRETTY HANGING QUILTED HEARTS,48,9/1/2011 14:26,0.72,14298,United Kingdom
565150,23433,HANGING QUILTED PATCHWORK APPLES,48,9/1/2011 14:26,0.72,14298,United Kingdom
565150,23431,NATURAL HANGING QUILTED HEARTS ,24,9/1/2011 14:26,0.72,14298,United Kingdom
565150,22595,GINGHAM HEART DECORATION,24,9/1/2011 14:26,0.72,14298,United Kingdom
565150,22197,POPCORN HOLDER,36,9/1/2011 14:26,0.72,14298,United Kingdom
565150,22792,FLUTED ANTIQUE CANDLE HOLDER,12,9/1/2011 14:26,0.72,14298,United Kingdom
565150,22962,JAM JAR WITH PINK LID,12,9/1/2011 14:26,0.72,14298,United Kingdom
565150,22963,JAM JAR WITH GREEN LID,12,9/1/2011 14:26,0.72,14298,United Kingdom
565150,22219,LOVEBIRD HANGING DECORATION WHITE ,36,9/1/2011 14:26,0.72,14298,United Kingdom
565150,23182,TOILET SIGN OCCUPIED OR VACANT,48,9/1/2011 14:26,0.72,14298,United Kingdom
565150,22948,METAL DECORATION NAUGHTY CHILDREN ,24,9/1/2011 14:26,0.72,14298,United Kingdom
565181,21790,VINTAGE SNAP CARDS,72,9/1/2011 15:52,0.72,17381,United Kingdom
565213,22909,SET OF 20 VINTAGE CHRISTMAS NAPKINS,192,9/1/2011 17:19,0.72,14911,EIRE
565213,21790,VINTAGE SNAP CARDS,144,9/1/2011 17:19,0.72,14911,EIRE
565217,21422,PORCELAIN ROSE SMALL,288,9/1/2011 17:40,0.72,13099,United Kingdom
565230,22963,JAM JAR WITH GREEN LID,48,9/2/2011 9:24,0.72,16705,United Kingdom
565241,22197,POPCORN HOLDER,400,9/2/2011 10:06,0.72,17949,United Kingdom
565285,22197,SMALL POPCORN HOLDER,100,9/2/2011 11:34,0.72,16013,United Kingdom
565320,20723,STRAWBERRY CHARLOTTE BAG,100,9/2/2011 13:10,0.72,16745,United Kingdom
565320,22355,CHARLOTTE BAG SUKI DESIGN,100,9/2/2011 13:10,0.72,16745,United Kingdom
565398,22197,POPCORN HOLDER,100,9/2/2011 16:50,0.72,15856,United Kingdom
565459,21704,BAG 250g SWIRLY MARBLES,72,9/5/2011 9:20,0.72,16656,United Kingdom
565459,21790,VINTAGE SNAP CARDS,72,9/5/2011 9:20,0.72,16656,United Kingdom
565462,23293,SET OF 12 FAIRY CAKE BAKING CASES,128,9/5/2011 9:38,0.72,16551,United Kingdom
565462,23295,SET OF 12 MINI LOAF BAKING CASES,128,9/5/2011 9:38,0.72,16551,United Kingdom
565475,23294,SET OF 6 SNACK LOAF BAKING CASES,128,9/5/2011 10:47,0.72,14156,EIRE
565475,23293,SET OF 12 FAIRY CAKE BAKING CASES,128,9/5/2011 10:47,0.72,14156,EIRE
565475,23205,CHARLOTTE BAG VINTAGE ALPHABET ,100,9/5/2011 10:47,0.72,14156,EIRE
565475,71459,HANGING JAM JAR T-LIGHT HOLDER,96,9/5/2011 10:47,0.72,14156,EIRE
565475,21790,VINTAGE SNAP CARDS,144,9/5/2011 10:47,0.72,14156,EIRE
565491,22909,SET OF 20 VINTAGE CHRISTMAS NAPKINS,96,9/5/2011 11:41,0.72,13881,United Kingdom
565491,22945,CHRISTMAS METAL TAGS ASSORTED ,144,9/5/2011 11:41,0.72,13881,United Kingdom
565741,71459,HANGING JAM JAR T-LIGHT HOLDERS,96,9/6/2011 12:32,0.72,15189,United Kingdom
565836,23374,RED SPOT PAPER GIFT BAG,200,9/7/2011 11:41,0.72,17511,United Kingdom
565836,71459,HANGING JAM JAR T-LIGHT HOLDERS,96,9/7/2011 11:41,0.72,17511,United Kingdom
565901,20724,RED RETROSPOT CHARLOTTE BAG,100,9/7/2011 15:34,0.72,13798,United Kingdom
565936,22573,STAR WOODEN CHRISTMAS DECORATION,576,9/8/2011 10:49,0.72,15653,United Kingdom
565936,22601,CHRISTMAS RETROSPOT ANGEL WOOD,576,9/8/2011 10:49,0.72,15653,United Kingdom
566009,21790,VINTAGE SNAP CARDS,72,9/8/2011 12:04,0.72,16076,United Kingdom
566195,22197,POPCORN HOLDER,100,9/9/2011 13:44,0.72,12433,Norway
566227,21080,SET/20 RED RETROSPOT PAPER NAPKINS ,96,9/11/2011 10:42,0.72,14258,United Kingdom
566255,23294,SET OF 6 SNACK LOAF BAKING CASES,128,9/11/2011 12:23,0.72,13324,United Kingdom
566255,23295,SET OF 12 MINI LOAF BAKING CASES,128,9/11/2011 12:23,0.72,13324,United Kingdom
566260,21790,VINTAGE SNAP CARDS,144,9/11/2011 12:45,0.72,14212,United Kingdom
566260,20723,STRAWBERRY CHARLOTTE BAG,200,9/11/2011 12:45,0.72,14212,United Kingdom
566260,20724,RED RETROSPOT CHARLOTTE BAG,200,9/11/2011 12:45,0.72,14212,United Kingdom
566276,21704,BAG 250g SWIRLY MARBLES,72,9/11/2011 14:00,0.72,13450,United Kingdom
566293,22197,POPCORN HOLDER,100,9/11/2011 15:35,0.72,14533,United Kingdom
566334,21080,SET/20 RED RETROSPOT PAPER NAPKINS ,96,9/12/2011 12:24,0.72,13798,United Kingdom
566334,20723,STRAWBERRY CHARLOTTE BAG,100,9/12/2011 12:24,0.72,13798,United Kingdom
566433,71459,HANGING JAM JAR T-LIGHT HOLDERS,96,9/12/2011 14:54,0.72,16839,United Kingdom
566557,84832,ZINC WILLIE WINKIE  CANDLE STICK,96,9/13/2011 11:47,0.72,14646,Netherlands
566595,22909,SET OF 20 VINTAGE CHRISTMAS NAPKINS,576,9/13/2011 15:03,0.72,18251,United Kingdom
566708,22197,POPCORN HOLDER,100,9/14/2011 11:55,0.72,13078,United Kingdom
566709,20724,RED RETROSPOT CHARLOTTE BAG,100,9/14/2011 11:58,0.72,16745,United Kingdom
566709,22356,CHARLOTTE BAG PINK POLKADOT,100,9/14/2011 11:58,0.72,16745,United Kingdom
566709,20719,WOODLAND CHARLOTTE BAG,100,9/14/2011 11:58,0.72,16745,United Kingdom
566709,22355,CHARLOTTE BAG SUKI DESIGN,100,9/14/2011 11:58,0.72,16745,United Kingdom
566722,22597,MUSICAL ZINC HEART DECORATION ,72,9/14/2011 12:51,0.72,13408,United Kingdom
566722,71459,HANGING JAM JAR T-LIGHT HOLDERS,96,9/14/2011 12:51,0.72,13408,United Kingdom
566728,71101E,STANDING FAIRY POLE SUPPORT ,48,9/14/2011 13:15,0.72,15841,United Kingdom
566759,71459,HANGING JAM JAR T-LIGHT HOLDERS,96,9/14/2011 16:29,0.72,16210,United Kingdom
566816,23222,CHRISTMAS TREE HANGING GOLD,144,9/15/2011 10:53,0.72,12731,France
566816,23224,CHERUB HEART DECORATION GOLD,144,9/15/2011 10:53,0.72,12731,France
566867,84945,MULTI COLOUR SILVER T-LIGHT HOLDER,192,9/15/2011 12:56,0.72,13694,United Kingdom
566929,23373,VINTAGE CHRISTMAS PAPER GIFT BAG,200,9/15/2011 15:21,0.72,17428,United Kingdom
567162,23090,VINTAGE GLASS T-LIGHT HOLDER,144,9/18/2011 11:13,0.72,16525,United Kingdom
567280,23101,SILVER STARS TABLE DECORATION,72,9/19/2011 11:46,0.72,14646,Netherlands
567280,23102,SILVER HEARTS TABLE DECORATION,72,9/19/2011 11:46,0.72,14646,Netherlands
567280,23144,ZINC T-LIGHT HOLDER STARS SMALL,144,9/19/2011 11:46,0.72,14646,Netherlands
567280,20724,RED RETROSPOT CHARLOTTE BAG,100,9/19/2011 11:46,0.72,14646,Netherlands
567280,23293,SET OF 12 FAIRY CAKE BAKING CASES,128,9/19/2011 11:46,0.72,14646,Netherlands
567280,22418,10 COLOUR SPACEBOY PEN,144,9/19/2011 11:46,0.72,14646,Netherlands
567280,22908,PACK OF 20 NAPKINS RED APPLES,96,9/19/2011 11:46,0.72,14646,Netherlands
567280,20719,WOODLAND CHARLOTTE BAG,200,9/19/2011 11:46,0.72,14646,Netherlands
567290,23293,SET OF 12 FAIRY CAKE BAKING CASES,256,9/19/2011 11:54,0.72,14646,Netherlands
567290,23295,SET OF 12 MINI LOAF BAKING CASES,128,9/19/2011 11:54,0.72,14646,Netherlands
567311,20832,RED FLOCK LOVE HEART PHOTO FRAME,24,9/19/2011 13:45,0.72,13777,United Kingdom
567341,22197,POPCORN HOLDER,100,9/19/2011 15:04,0.72,14961,United Kingdom
567385,21790,VINTAGE SNAP CARDS,288,9/20/2011 10:27,0.72,14866,United Kingdom
567509,85231B,CINAMMON SET OF 9 T-LIGHTS,36,9/20/2011 14:51,0.72,14298,United Kingdom
567509,85231G,ORANGE SCENTED SET/9 T-LIGHTS,36,9/20/2011 14:51,0.72,14298,United Kingdom
567509,22197,POPCORN HOLDER,100,9/20/2011 14:51,0.72,14298,United Kingdom
567509,22948,METAL DECORATION NAUGHTY CHILDREN ,24,9/20/2011 14:51,0.72,14298,United Kingdom
567509,23295,SET OF 12 MINI LOAF BAKING CASES,16,9/20/2011 14:51,0.72,14298,United Kingdom
567509,23293,SET OF 12 FAIRY CAKE BAKING CASES,16,9/20/2011 14:51,0.72,14298,United Kingdom
567509,23294,SET OF 6 SNACK LOAF BAKING CASES,16,9/20/2011 14:51,0.72,14298,United Kingdom
567537,21704,BAG 250g SWIRLY MARBLES,72,9/21/2011 9:54,0.72,16656,United Kingdom
567537,21790,VINTAGE SNAP CARDS,72,9/21/2011 9:54,0.72,16656,United Kingdom
567610,22197,POPCORN HOLDER,100,9/21/2011 11:30,0.72,17511,United Kingdom
567610,22907,PACK OF 20 NAPKINS PANTRY DESIGN,96,9/21/2011 11:30,0.72,17511,United Kingdom
567610,21080,SET/20 RED RETROSPOT PAPER NAPKINS ,96,9/21/2011 11:30,0.72,17511,United Kingdom
567628,22909,SET OF 20 VINTAGE CHRISTMAS NAPKINS,96,9/21/2011 13:01,0.72,14060,United Kingdom
567669,20724,RED RETROSPOT CHARLOTTE BAG,100,9/21/2011 15:32,0.72,14887,United Kingdom
567711,22963,JAM JAR WITH GREEN LID,48,9/22/2011 10:04,0.72,15603,United Kingdom
567721,20724,RED RETROSPOT CHARLOTTE BAG,100,9/22/2011 10:38,0.72,12409,Switzerland
567721,20723,STRAWBERRY CHARLOTTE BAG,100,9/22/2011 10:38,0.72,12409,Switzerland
567721,20719,WOODLAND CHARLOTTE BAG,100,9/22/2011 10:38,0.72,12409,Switzerland
567865,23445,ICE CREAM BUBBLES,200,9/22/2011 14:11,0.72,17311,United Kingdom
567959,22945,CHRISTMAS METAL TAGS ASSORTED ,144,9/23/2011 9:13,0.72,12516,Germany
568048,22909,SET OF 20 VINTAGE CHRISTMAS NAPKINS,96,9/23/2011 12:36,0.72,14911,EIRE
568058,71459,HANGING JAM JAR T-LIGHT HOLDERS,96,9/23/2011 12:58,0.72,18188,United Kingdom
568193,84945,MULTI COLOUR SILVER T-LIGHT HOLDER,192,9/25/2011 14:37,0.72,17107,United Kingdom
568320,21790,VINTAGE SNAP CARDS,72,9/26/2011 13:35,0.72,17674,United Kingdom
568343,84970S,HANGING HEART ZINC T-LIGHT HOLDER,144,9/26/2011 15:13,0.72,16839,United Kingdom
568509,21080,SET/20 RED RETROSPOT PAPER NAPKINS ,96,9/27/2011 12:26,0.72,16422,United Kingdom
568533,71459,HANGING JAM JAR T-LIGHT HOLDERS,240,9/27/2011 13:56,0.72,15061,United Kingdom
568533,23293,SET OF 12 FAIRY CAKE BAKING CASES,64,9/27/2011 13:56,0.72,15061,United Kingdom
568538,23293,SET OF 12 FAIRY CAKE BAKING CASES,128,9/27/2011 14:07,0.72,15061,United Kingdom
568576,22197,POPCORN HOLDER,100,9/28/2011 9:40,0.72,17017,United Kingdom
568675,20719,WOODLAND CHARLOTTE BAG,30,9/28/2011 13:32,0.72,14298,United Kingdom
568675,22661,CHARLOTTE BAG DOLLY GIRL DESIGN,30,9/28/2011 13:32,0.72,14298,United Kingdom
568675,20723,STRAWBERRY CHARLOTTE BAG,30,9/28/2011 13:32,0.72,14298,United Kingdom
568675,22355,CHARLOTTE BAG SUKI DESIGN,30,9/28/2011 13:32,0.72,14298,United Kingdom
568675,20724,RED RETROSPOT CHARLOTTE BAG,30,9/28/2011 13:32,0.72,14298,United Kingdom
568675,22356,CHARLOTTE BAG PINK POLKADOT,30,9/28/2011 13:32,0.72,14298,United Kingdom
568675,23205,CHARLOTTE BAG VINTAGE ALPHABET ,30,9/28/2011 13:32,0.72,14298,United Kingdom
568870,22197,POPCORN HOLDER,200,9/29/2011 12:11,0.72,17930,United Kingdom
569010,23205,CHARLOTTE BAG VINTAGE ALPHABET ,100,9/30/2011 7:36,0.72,14156,EIRE
569086,22197,POPCORN HOLDER,1000,9/30/2011 11:58,0.72,17949,United Kingdom
569334,22197,POPCORN HOLDER,40,10/3/2011 13:53,0.72,12931,United Kingdom
569398,21790,VINTAGE SNAP CARDS,216,10/4/2011 8:27,0.72,17381,United Kingdom
569407,84945,MULTI COLOUR SILVER T-LIGHT HOLDER,192,10/4/2011 9:12,0.72,15694,United Kingdom
569420,15036,ASSORTED COLOURS SILK FAN,600,10/4/2011 10:33,0.72,16881,United Kingdom
569479,23225,CHERUB HEART DECORATION SILVER ,144,10/4/2011 12:41,0.72,13408,United Kingdom
569494,23101,SILVER STARS TABLE DECORATION,72,10/4/2011 13:42,0.72,15739,United Kingdom
569536,22197,POPCORN HOLDER,100,10/4/2011 15:44,0.72,13269,United Kingdom
569571,22651,GENTLEMAN SHIRT REPAIR KIT ,144,10/5/2011 10:09,0.72,16684,United Kingdom
569571,23354,6 GIFT TAGS 50'S CHRISTMAS ,216,10/5/2011 10:09,0.72,16684,United Kingdom
569571,23373,VINTAGE CHRISTMAS PAPER GIFT BAG,200,10/5/2011 10:09,0.72,16684,United Kingdom
569571,23374,RED SPOT PAPER GIFT BAG,200,10/5/2011 10:09,0.72,16684,United Kingdom
569571,23375,50'S CHRISTMAS PAPER GIFT BAG,200,10/5/2011 10:09,0.72,16684,United Kingdom
569573,71459,HANGING JAM JAR T-LIGHT HOLDERS,96,10/5/2011 10:11,0.72,17511,United Kingdom
569638,23144,ZINC T-LIGHT HOLDER STARS SMALL,144,10/5/2011 12:15,0.72,16140,United Kingdom
569650,22907,PACK OF 20 NAPKINS PANTRY DESIGN,96,10/5/2011 12:44,0.72,12415,Australia
569692,22355,CHARLOTTE BAG SUKI DESIGN,100,10/5/2011 15:17,0.72,14389,United Kingdom
569692,23204,CHARLOTTE BAG APPLES DESIGN,100,10/5/2011 15:17,0.72,14389,United Kingdom
569768,22197,POPCORN HOLDER,100,10/6/2011 11:27,0.72,13078,United Kingdom
569781,84945,MULTI COLOUR SILVER T-LIGHT HOLDER,192,10/6/2011 11:38,0.72,13199,United Kingdom
569850,22197,POPCORN HOLDER,200,10/6/2011 13:59,0.72,16432,United Kingdom
569858,21239,PINK  POLKADOT CUP,96,10/6/2011 14:33,0.72,12939,United Kingdom
569997,23295,SET OF 12 MINI LOAF BAKING CASES,256,10/7/2011 8:08,0.72,12394,Denmark
570212,22197,POPCORN HOLDER,100,10/9/2011 11:29,0.72,17811,United Kingdom
570407,22197,POPCORN HOLDER,100,10/10/2011 12:52,0.72,17186,United Kingdom
570422,21704,BAG 250g SWIRLY MARBLES,72,10/10/2011 13:37,0.72,14132,United Kingdom
570660,21790,VINTAGE SNAP CARDS,72,10/11/2011 14:18,0.72,14866,United Kingdom
570701,84970S,HANGING HEART ZINC T-LIGHT HOLDER,144,10/12/2011 9:35,0.72,16652,United Kingdom
570797,71459,HANGING JAM JAR T-LIGHT HOLDERS,96,10/12/2011 12:24,0.72,15311,United Kingdom
570852,22197,POPCORN HOLDER,100,10/12/2011 14:48,0.72,13078,United Kingdom
570886,20832,RED FLOCK LOVE HEART PHOTO FRAME,12,10/13/2011 10:23,0.72,13777,United Kingdom
570983,22197,POPCORN HOLDER,100,10/13/2011 11:57,0.72,14963,United Kingdom
571231,22197,POPCORN HOLDER,100,10/14/2011 14:22,0.72,15856,United Kingdom
571239,22197,POPCORN HOLDER,100,10/14/2011 14:54,0.72,12744,Singapore
571239,22343,PARTY PIZZA DISH RED RETROSPOT,72,10/14/2011 14:54,0.72,12744,Singapore
571242,22909,SET OF 20 VINTAGE CHRISTMAS NAPKINS,96,10/14/2011 15:04,0.72,17809,United Kingdom
571313,22197,POPCORN HOLDER,500,10/17/2011 10:42,0.72,14156,EIRE
571561,21790,VINTAGE SNAP CARDS,72,10/18/2011 10:02,0.72,14015,United Kingdom
571653,23280,FOLDING BUTTERFLY MIRROR HOT PINK ,24,10/18/2011 12:17,0.72,14298,United Kingdom
571653,23282,FOLDING BUTTERFLY MIRROR IVORY ,24,10/18/2011 12:17,0.72,14298,United Kingdom
571653,84970S,HANGING HEART ZINC T-LIGHT HOLDER,24,10/18/2011 12:17,0.72,14298,United Kingdom
571653,23223,CHRISTMAS TREE HANGING SILVER ,24,10/18/2011 12:17,0.72,14298,United Kingdom
571653,23224,CHERUB HEART DECORATION GOLD,24,10/18/2011 12:17,0.72,14298,United Kingdom
571653,23225,CHERUB HEART DECORATION SILVER ,24,10/18/2011 12:17,0.72,14298,United Kingdom
571653,22573,STAR WOODEN CHRISTMAS DECORATION,24,10/18/2011 12:17,0.72,14298,United Kingdom
571653,22574,HEART WOODEN CHRISTMAS DECORATION,24,10/18/2011 12:17,0.72,14298,United Kingdom
571653,22576,SWALLOW WOODEN CHRISTMAS DECORATION,24,10/18/2011 12:17,0.72,14298,United Kingdom
571653,22581,WOOD STOCKING CHRISTMAS SCANDISPOT,24,10/18/2011 12:17,0.72,14298,United Kingdom
571653,22595,GINGHAM HEART DECORATION,24,10/18/2011 12:17,0.72,14298,United Kingdom
571653,22602,RETROSPOT WOODEN HEART DECORATION,24,10/18/2011 12:17,0.72,14298,United Kingdom
571653,22601,CHRISTMAS RETROSPOT ANGEL WOOD,12,10/18/2011 12:17,0.72,14298,United Kingdom
571653,22603,CHRISTMAS RETROSPOT TREE WOOD,12,10/18/2011 12:17,0.72,14298,United Kingdom
571653,22156,HEART DECORATION WITH PEARLS ,24,10/18/2011 12:17,0.72,14298,United Kingdom
571653,22219,LOVEBIRD HANGING DECORATION WHITE ,24,10/18/2011 12:17,0.72,14298,United Kingdom
571653,23432,PRETTY HANGING QUILTED HEARTS,48,10/18/2011 12:17,0.72,14298,United Kingdom
571653,23398,HANGING HEART BONHEUR,24,10/18/2011 12:17,0.72,14298,United Kingdom
571653,23399,HOME SWEET HOME HANGING HEART,24,10/18/2011 12:17,0.72,14298,United Kingdom
571653,23122,PARTY CHARMS 50 PIECES,72,10/18/2011 12:17,0.72,14298,United Kingdom
571653,23123,COCKTAIL SWORDS 50 PIECES,48,10/18/2011 12:17,0.72,14298,United Kingdom
571653,21679,SKULLS  STICKERS,36,10/18/2011 12:17,0.72,14298,United Kingdom
571653,21675,BUTTERFLIES STICKERS,36,10/18/2011 12:17,0.72,14298,United Kingdom
571653,21677,HEARTS  STICKERS,36,10/18/2011 12:17,0.72,14298,United Kingdom
571666,21080,SET/20 RED RETROSPOT PAPER NAPKINS ,96,10/18/2011 13:02,0.72,16422,United Kingdom
571670,23445,ICE CREAM BUBBLES,200,10/18/2011 13:12,0.72,12611,Italy
571685,22197,POPCORN HOLDER,100,10/18/2011 14:15,0.72,12863,United Kingdom
571738,21422,PORCELAIN ROSE SMALL,288,10/19/2011 10:32,0.72,13089,United Kingdom
571917,22197,POPCORN HOLDER,200,10/19/2011 15:46,0.72,13078,United Kingdom
571937,23225,CHERUB HEART DECORATION SILVER ,144,10/20/2011 9:28,0.72,14911,EIRE
572035,22593,CHRISTMAS GINGHAM STAR,144,10/20/2011 12:03,0.72,14646,Netherlands
572035,22595,GINGHAM HEART DECORATION,144,10/20/2011 12:03,0.72,14646,Netherlands
572035,21640,ASSORTED TUTTI FRUTTI  FOB NOTEBOOK,96,10/20/2011 12:03,0.72,14646,Netherlands
572035,21080,SET/20 RED RETROSPOT PAPER NAPKINS ,96,10/20/2011 12:03,0.72,14646,Netherlands
572035,22661,CHARLOTTE BAG DOLLY GIRL DESIGN,300,10/20/2011 12:03,0.72,14646,Netherlands
572035,23205,CHARLOTTE BAG VINTAGE ALPHABET ,200,10/20/2011 12:03,0.72,14646,Netherlands
572035,20719,WOODLAND CHARLOTTE BAG,100,10/20/2011 12:03,0.72,14646,Netherlands
572035,22418,10 COLOUR SPACEBOY PEN,144,10/20/2011 12:03,0.72,14646,Netherlands
572035,20724,RED RETROSPOT CHARLOTTE BAG,200,10/20/2011 12:03,0.72,14646,Netherlands
572035,84832,ZINC WILLIE WINKIE  CANDLE STICK,96,10/20/2011 12:03,0.72,14646,Netherlands
572035,23204,CHARLOTTE BAG APPLES DESIGN,100,10/20/2011 12:03,0.72,14646,Netherlands
572051,23473,WOODLAND SMALL RED FELT HEART,192,10/20/2011 12:24,0.72,14646,Netherlands
572052,22595,GINGHAM HEART DECORATION,1728,10/20/2011 12:26,0.72,14646,Netherlands
572123,84832,ZINC WILLIE WINKIE  CANDLE STICK,192,10/21/2011 8:40,0.72,14646,Netherlands
572123,22133,PINK LOVE HEART SHAPE CUP,96,10/21/2011 8:40,0.72,14646,Netherlands
572123,22132,RED LOVE HEART SHAPE CUP,96,10/21/2011 8:40,0.72,14646,Netherlands
572326,22356,CHARLOTTE BAG PINK POLKADOT,100,10/24/2011 9:55,0.72,14607,United Kingdom
572326,23204,CHARLOTTE BAG APPLES DESIGN,100,10/24/2011 9:55,0.72,14607,United Kingdom
572326,20724,RED RETROSPOT CHARLOTTE BAG,100,10/24/2011 9:55,0.72,14607,United Kingdom
572326,23205,CHARLOTTE BAG VINTAGE ALPHABET ,100,10/24/2011 9:55,0.72,14607,United Kingdom
572326,22355,CHARLOTTE BAG SUKI DESIGN,100,10/24/2011 9:55,0.72,14607,United Kingdom
572332,22197,POPCORN HOLDER,100,10/24/2011 10:20,0.72,17186,United Kingdom
572337,23205,CHARLOTTE BAG VINTAGE ALPHABET ,100,10/24/2011 10:30,0.72,14607,United Kingdom
572337,23204,CHARLOTTE BAG APPLES DESIGN,100,10/24/2011 10:30,0.72,14607,United Kingdom
572337,22356,CHARLOTTE BAG PINK POLKADOT,100,10/24/2011 10:30,0.72,14607,United Kingdom
572337,22355,CHARLOTTE BAG SUKI DESIGN,100,10/24/2011 10:30,0.72,14607,United Kingdom
572337,20724,RED RETROSPOT CHARLOTTE BAG,100,10/24/2011 10:30,0.72,14607,United Kingdom
572664,22197,POPCORN HOLDER,100,10/25/2011 12:56,0.72,16401,United Kingdom
572743,22197,POPCORN HOLDER,100,10/25/2011 16:13,0.72,14482,United Kingdom
573000,21790,VINTAGE SNAP CARDS,72,10/27/2011 11:55,0.72,14752,United Kingdom
573002,22196,SMALL HEART MEASURING SPOONS,160,10/27/2011 12:09,0.72,14646,Netherlands
573002,20719,WOODLAND CHARLOTTE BAG,100,10/27/2011 12:09,0.72,14646,Netherlands
573008,23294,SET OF 6 SNACK LOAF BAKING CASES,6,10/27/2011 12:26,0.72,12901,United Kingdom
573104,22572,ROCKING HORSE GREEN CHRISTMAS ,96,10/27/2011 14:59,0.72,17652,United Kingdom
573104,22571,ROCKING HORSE RED CHRISTMAS ,96,10/27/2011 14:59,0.72,17652,United Kingdom
573153,21080,SET/20 RED RETROSPOT PAPER NAPKINS ,120,10/28/2011 7:39,0.72,12678,France
573153,22963,JAM JAR WITH GREEN LID,48,10/28/2011 7:39,0.72,12678,France
573153,22962,JAM JAR WITH PINK LID,48,10/28/2011 7:39,0.72,12678,France
573153,22907,PACK OF 20 NAPKINS PANTRY DESIGN,96,10/28/2011 7:39,0.72,12678,France
573156,21704,BAG 250g SWIRLY MARBLES,144,10/28/2011 8:52,0.72,16656,United Kingdom
573156,21790,VINTAGE SNAP CARDS,72,10/28/2011 8:52,0.72,16656,United Kingdom
573168,22851,SET 20 NAPKINS FAIRY CAKES DESIGN ,96,10/28/2011 9:39,0.72,13798,United Kingdom
573261,22197,POPCORN HOLDER,1992,10/28/2011 12:32,0.72,17949,United Kingdom
573263,22909,SET OF 20 VINTAGE CHRISTMAS NAPKINS,96,10/28/2011 12:34,0.72,13694,United Kingdom
573363,22197,POPCORN HOLDER,100,10/30/2011 13:06,0.72,16079,United Kingdom
573421,22197,POPCORN HOLDER,100,10/31/2011 9:50,0.72,14292,United Kingdom
573749,84970S,HANGING HEART ZINC T-LIGHT HOLDER,12,11/1/2011 9:26,0.72,17389,United Kingdom
573910,22197,POPCORN HOLDER,100,11/1/2011 15:34,0.72,13969,United Kingdom
573928,22962,JAM JAR WITH PINK LID,48,11/2/2011 10:07,0.72,16839,United Kingdom
573930,22197,POPCORN HOLDER,100,11/2/2011 10:15,0.72,17811,United Kingdom
574056,21238,RED RETROSPOT CUP,96,11/2/2011 14:09,0.72,14646,Netherlands
574303,23295,SET OF 12 MINI LOAF BAKING CASES,128,11/3/2011 16:28,0.72,13324,United Kingdom
574514,22755,SMALL PURPLE BABUSHKA NOTEBOOK ,72,11/4/2011 13:34,0.72,15311,United Kingdom
574534,23293,SET OF 12 FAIRY CAKE BAKING CASES,64,11/4/2011 14:26,0.72,15061,United Kingdom
574653,23294,SET OF 6 SNACK LOAF BAKING CASES,128,11/6/2011 11:30,0.72,12619,Germany
574664,22197,POPCORN HOLDER,200,11/6/2011 12:07,0.72,14482,United Kingdom
574837,22197,POPCORN HOLDER,100,11/7/2011 11:33,0.72,15785,United Kingdom
574837,71459,HANGING JAM JAR T-LIGHT HOLDERS,96,11/7/2011 11:33,0.72,15785,United Kingdom
574935,84945,MULTI COLOUR SILVER T-LIGHT HOLDER,192,11/7/2011 16:54,0.72,13199,United Kingdom
575184,23144,ZINC T-LIGHT HOLDER STARS SMALL,144,11/9/2011 8:41,0.72,16839,United Kingdom
575206,23431,NATURAL HANGING QUILTED HEARTS ,48,11/9/2011 10:26,0.72,14298,United Kingdom
575206,23122,PARTY CHARMS 50 PIECES,36,11/9/2011 10:26,0.72,14298,United Kingdom
575214,20724,RED RETROSPOT CHARLOTTE BAG,100,11/9/2011 10:48,0.72,16751,United Kingdom
575219,22197,POPCORN HOLDER,200,11/9/2011 11:17,0.72,17511,United Kingdom
575219,21240,BLUE POLKADOT CUP,96,11/9/2011 11:17,0.72,17511,United Kingdom
575219,23288,GREEN VINTAGE SPOT BEAKER,96,11/9/2011 11:17,0.72,17511,United Kingdom
575219,23286,BLUE VINTAGE SPOT BEAKER,96,11/9/2011 11:17,0.72,17511,United Kingdom
575256,22792,FLUTED ANTIQUE CANDLE HOLDER,72,11/9/2011 11:58,0.72,13408,United Kingdom
575291,21704,BAG 250g SWIRLY MARBLES,72,11/9/2011 12:20,0.72,16656,United Kingdom
575291,21790,VINTAGE SNAP CARDS,72,11/9/2011 12:20,0.72,16656,United Kingdom
575302,20724,RED RETROSPOT CHARLOTTE BAG,100,11/9/2011 12:32,0.72,17086,United Kingdom
575335,22197,POPCORN HOLDER,700,11/9/2011 13:56,0.72,12931,United Kingdom
575490,22197,POPCORN HOLDER,100,11/9/2011 17:44,0.72,15031,United Kingdom
575501,22197,POPCORN HOLDER,100,11/10/2011 9:59,0.72,16218,United Kingdom
575508,22129,PARTY CONES CANDY DECORATION,240,11/10/2011 10:32,0.72,14646,Netherlands
575508,22219,LOVEBIRD HANGING DECORATION WHITE ,288,11/10/2011 10:32,0.72,14646,Netherlands
575508,22962,JAM JAR WITH PINK LID,48,11/10/2011 10:32,0.72,14646,Netherlands
575508,23204,CHARLOTTE BAG APPLES DESIGN,200,11/10/2011 10:32,0.72,14646,Netherlands
575508,22356,CHARLOTTE BAG PINK POLKADOT,200,11/10/2011 10:32,0.72,14646,Netherlands
575508,22355,CHARLOTTE BAG SUKI DESIGN,100,11/10/2011 10:32,0.72,14646,Netherlands
575579,22197,POPCORN HOLDER,100,11/10/2011 11:49,0.72,13081,United Kingdom
575684,23144,ZINC T-LIGHT HOLDER STARS SMALL,144,11/10/2011 15:57,0.72,14397,United Kingdom
575850,84945,MULTI COLOUR SILVER T-LIGHT HOLDER,192,11/11/2011 12:11,0.72,17512,United Kingdom
575919,22963,JAM JAR WITH GREEN LID,48,11/11/2011 17:00,0.72,15311,United Kingdom
574555,23263,SET OF 3 WOODEN HEART DECORATIONS,1,11/4/2011 15:29,1.25,16426,United Kingdom
574555,23275,SET OF 3 HANGING OWLS OLLIE BEAK,2,11/4/2011 15:29,1.25,16426,United Kingdom
574555,23266,SET OF 3 WOODEN STOCKING DECORATION,3,11/4/2011 15:29,1.25,16426,United Kingdom
574555,23265,SET OF 3 WOODEN TREE DECORATIONS,1,11/4/2011 15:29,1.25,16426,United Kingdom
574555,23265,SET OF 3 WOODEN TREE DECORATIONS,2,11/4/2011 15:29,1.25,16426,United Kingdom
574555,23264,SET OF 3 WOODEN SLEIGH DECORATIONS,2,11/4/2011 15:29,1.25,16426,United Kingdom
574555,23265,SET OF 3 WOODEN TREE DECORATIONS,1,11/4/2011 15:29,1.25,16426,United Kingdom
574555,22674,FRENCH TOILET SIGN BLUE METAL,2,11/4/2011 15:29,1.25,16426,United Kingdom
574555,22675,FRENCH KITCHEN SIGN BLUE METAL,2,11/4/2011 15:29,1.25,16426,United Kingdom
574555,23503,PLAYING CARDS KEEP CALM & CARRY ON,4,11/4/2011 15:29,1.25,16426,United Kingdom
574559,23570,TRADITIONAL PICK UP STICKS GAME ,2,11/4/2011 15:50,1.25,14056,United Kingdom
574559,23275,SET OF 3 HANGING OWLS OLLIE BEAK,12,11/4/2011 15:50,1.25,14056,United Kingdom
574559,21894,POTTING SHED SEED ENVELOPES,3,11/4/2011 15:50,1.25,14056,United Kingdom
574559,23570,TRADITIONAL PICK UP STICKS GAME ,3,11/4/2011 15:50,1.25,14056,United Kingdom
574559,21791,VINTAGE HEADS AND TAILS CARD GAME ,3,11/4/2011 15:50,1.25,14056,United Kingdom
574561,22074,6 RIBBONS SHIMMERING PINKS ,1,11/4/2011 15:52,1.25,,United Kingdom
574561,22335,HEART DECORATION PAINTED ZINC ,2,11/4/2011 15:52,1.25,,United Kingdom
574561,23309,SET OF 60 I LOVE LONDON CAKE CASES ,2,11/4/2011 15:52,1.25,,United Kingdom
574561,23368,SET 12 COLOUR PENCILS DOLLY GIRL ,2,11/4/2011 15:52,1.25,,United Kingdom
574561,35471D,SET OF 3 BIRD LIGHT PINK FEATHER ,1,11/4/2011 15:52,1.25,,United Kingdom
574561,82578,KITCHEN METAL SIGN,1,11/4/2011 15:52,1.25,,United Kingdom
574561,82581,TOILET METAL SIGN,1,11/4/2011 15:52,1.25,,United Kingdom
574561,20973,12 PENCIL SMALL TUBE WOODLAND,1,11/4/2011 15:52,1.25,,United Kingdom
574561,21215,IVORY PAPER CUP CAKE CASES ,1,11/4/2011 15:52,1.25,,United Kingdom
574573,21355,TOAST ITS - I LOVE YOU ,1,11/4/2011 16:35,1.25,14592,United Kingdom
574573,21591,COSY HOUR CIGAR BOX MATCHES ,3,11/4/2011 16:35,1.25,14592,United Kingdom
574573,22966,GINGERBREAD MAN COOKIE CUTTER,2,11/4/2011 16:35,1.25,14592,United Kingdom
574573,21494,ROTATING LEAVES T-LIGHT HOLDER,4,11/4/2011 16:35,1.25,14592,United Kingdom
574573,21892,TRADITIONAL WOODEN CATCH CUP GAME ,1,11/4/2011 16:35,1.25,14592,United Kingdom
574574,21098,CHRISTMAS TOILET ROLL,1,11/4/2011 16:42,1.25,,United Kingdom
574575,84519A,TOMATO CHARLIE+LOLA COASTER SET,6,11/4/2011 17:03,1.25,14971,United Kingdom
574575,85183A,CHARLIE & LOLA WASTEPAPER BIN BLUE,5,11/4/2011 17:03,1.25,14971,United Kingdom
574575,23503,PLAYING CARDS KEEP CALM & CARRY ON,5,11/4/2011 17:03,1.25,14971,United Kingdom
574575,85183B,CHARLIE & LOLA WASTEPAPER BIN FLORA,4,11/4/2011 17:03,1.25,14971,United Kingdom
574575,23567,EGG CUP HENRIETTA HEN PINK,12,11/4/2011 17:03,1.25,14971,United Kingdom
574575,21494,ROTATING LEAVES T-LIGHT HOLDER,1,11/4/2011 17:03,1.25,14971,United Kingdom
574587,84836,ZINC METAL HEART DECORATION,12,11/6/2011 10:29,1.25,14936,Channel Islands
574587,84978,HANGING HEART JAR T-LIGHT HOLDER,12,11/6/2011 10:29,1.25,14936,Channel Islands
574587,22585,PACK OF 6 BIRDY GIFT TAGS,12,11/6/2011 10:29,1.25,14936,Channel Islands
574587,22771,CLEAR DRAWER KNOB ACRYLIC EDWARDIAN,36,11/6/2011 10:29,1.25,14936,Channel Islands
574587,84970L,SINGLE HEART ZINC T-LIGHT HOLDER,24,11/6/2011 10:29,1.25,14936,Channel Islands
574589,23266,SET OF 3 WOODEN STOCKING DECORATION,3,11/6/2011 10:33,1.25,15017,United Kingdom
574589,23265,SET OF 3 WOODEN TREE DECORATIONS,3,11/6/2011 10:33,1.25,15017,United Kingdom
574590,22585,PACK OF 6 BIRDY GIFT TAGS,6,11/6/2011 10:44,1.25,18077,United Kingdom
574590,23250,VINTAGE RED TRIM ENAMEL BOWL ,2,11/6/2011 10:44,1.25,18077,United Kingdom
574591,23436,VINTAGE CHRISTMAS GIFT BAG LARGE ,12,11/6/2011 10:47,1.25,15745,United Kingdom
574591,23503,PLAYING CARDS KEEP CALM & CARRY ON,12,11/6/2011 10:47,1.25,15745,United Kingdom
574592,22791,T-LIGHT GLASS FLUTED ANTIQUE,12,11/6/2011 10:49,1.25,14820,United Kingdom
574592,84946,ANTIQUE SILVER T-LIGHT GLASS,12,11/6/2011 10:49,1.25,14820,United Kingdom
574619,85034C,3 ROSE MORRIS BOXED CANDLES,1,11/6/2011 11:18,1.25,15952,United Kingdom
574619,20717,STRAWBERRY SHOPPER BAG,3,11/6/2011 11:18,1.25,15952,United Kingdom
574619,85035C,ROSE 3 WICK MORRIS BOX CANDLE,2,11/6/2011 11:18,1.25,15952,United Kingdom
574619,85036B,CHOCOLATE 1 WICK MORRIS BOX CANDLE,1,11/6/2011 11:18,1.25,15952,United Kingdom
574619,85034B,3 WHITE CHOC MORRIS BOXED CANDLES,2,11/6/2011 11:18,1.25,15952,United Kingdom
574619,85034C,3 ROSE MORRIS BOXED CANDLES,1,11/6/2011 11:18,1.25,15952,United Kingdom
574624,23570,TRADITIONAL PICK UP STICKS GAME ,7,11/6/2011 11:20,1.25,17769,United Kingdom
581214,22734,SET OF 6 RIBBONS VINTAGE CHRISTMAS,12,12/8/2011 8:32,2.89,14251,United Kingdom
581227,23562,SET OF 6 RIBBONS PERFECTLY PRETTY  ,6,12/8/2011 9:56,2.89,17677,United Kingdom
581233,23455,SMALL PARLOUR PICTURE FRAME,6,12/8/2011 10:33,2.89,13436,United Kingdom
581241,23426,METAL SIGN DROP YOUR PANTS,12,12/8/2011 10:58,2.89,15520,United Kingdom
581266,23561,SET OF 6 RIBBONS PARTY,12,12/8/2011 11:25,2.89,12621,Germany
581266,22734,SET OF 6 RIBBONS VINTAGE CHRISTMAS,12,12/8/2011 11:25,2.89,12621,Germany
581266,23489,VINTAGE BELLS GARLAND,6,12/8/2011 11:25,2.89,12621,Germany
581266,23562,SET OF 6 RIBBONS PERFECTLY PRETTY  ,12,12/8/2011 11:25,2.89,12621,Germany
581266,23560,SET OF 6 RIBBONS COUNTRY STYLE,12,12/8/2011 11:25,2.89,12621,Germany
581310,23562,SET OF 6 RIBBONS PERFECTLY PRETTY  ,1,12/8/2011 11:43,2.89,16442,United Kingdom
581310,23109,PACK OF SIX LED TEA LIGHTS,1,12/8/2011 11:43,2.89,16442,United Kingdom
581310,23109,PACK OF SIX LED TEA LIGHTS,1,12/8/2011 11:43,2.89,16442,United Kingdom
581352,23455,SMALL PARLOUR PICTURE FRAME,2,12/8/2011 12:26,2.89,14698,United Kingdom
581380,23234,BISCUIT TIN VINTAGE CHRISTMAS,18,12/8/2011 12:52,2.89,13102,United Kingdom
581381,23109,PACK OF SIX LED TEA LIGHTS,18,12/8/2011 12:54,2.89,16933,United Kingdom
581404,23426,METAL SIGN DROP YOUR PANTS,6,12/8/2011 13:47,2.89,13680,United Kingdom
581404,23109,PACK OF SIX LED TEA LIGHTS,6,12/8/2011 13:47,2.89,13680,United Kingdom
581405,23189,SET OF 12 FORK CANDLES,1,12/8/2011 13:50,2.89,13521,United Kingdom
581425,23236,STORAGE TIN VINTAGE DOILY ,1,12/8/2011 15:31,2.89,14796,United Kingdom
581428,23234,BISCUIT TIN VINTAGE CHRISTMAS,6,12/8/2011 15:37,2.89,13404,United Kingdom
581428,23247,BISCUIT TIN 50'S CHRISTMAS,6,12/8/2011 15:37,2.89,13404,United Kingdom
581449,23562,SET OF 6 RIBBONS PERFECTLY PRETTY  ,2,12/8/2011 17:37,2.89,12748,United Kingdom
581502,22734,SET OF 6 RIBBONS VINTAGE CHRISTMAS,4,12/9/2011 10:51,2.89,15910,United Kingdom
581579,23489,VINTAGE BELLS GARLAND,6,12/9/2011 12:19,2.89,17581,United Kingdom
581581,23562,SET OF 6 RIBBONS PERFECTLY PRETTY  ,6,12/9/2011 12:20,2.89,17581,United Kingdom
581581,23561,SET OF 6 RIBBONS PARTY,6,12/9/2011 12:20,2.89,17581,United Kingdom
C547858,23178,JAM CLOCK MAGNET,-1,3/27/2011 12:16,2.89,14911,EIRE
C557405,23236,DOILEY STORAGE TIN,-1,6/20/2011 11:28,2.89,12708,Germany
C557654,23236,DOILEY STORAGE TIN,-1,6/21/2011 17:34,2.89,14243,United Kingdom
C559253,23236,DOILEY STORAGE TIN,-1,7/7/2011 11:44,2.89,12472,Germany
C559486,23236,DOILEY STORAGE TIN,-1,7/8/2011 13:51,2.89,13047,United Kingdom
C559882,23106,ZINC HEARTS PLANT POT HOLDER,-12,7/13/2011 11:34,2.89,16156,United Kingdom
C560540,23236,DOILEY STORAGE TIN,-1,7/19/2011 12:26,2.89,12415,Australia
C560540,23235,STORAGE TIN VINTAGE LEAF,-1,7/19/2011 12:26,2.89,12415,Australia
C560855,23178,JAM CLOCK MAGNET,-1,7/21/2011 13:00,2.89,14410,United Kingdom
C562795,23235,STORAGE TIN VINTAGE LEAF,-1,8/9/2011 14:23,2.89,13709,United Kingdom
C562952,23236,STORAGE TIN VINTAGE DOILY ,-1,8/11/2011 10:10,2.89,12749,United Kingdom
C562952,23235,STORAGE TIN VINTAGE LEAF,-2,8/11/2011 10:10,2.89,12749,United Kingdom
C565284,23236,STORAGE TIN VINTAGE DOILY ,-1,9/2/2011 11:31,2.89,12471,Germany
C565615,23236,STORAGE TIN VINTAGE DOILY ,-1,9/5/2011 15:20,2.89,12683,France
C566460,23189,SET OF 12 FORK CANDLES,-1,9/12/2011 17:19,2.89,18223,United Kingdom
C566466,23178,JAM CLOCK MAGNET,-3,9/12/2011 18:00,2.89,13850,United Kingdom
C567947,23234,BISCUIT TIN VINTAGE CHRISTMAS,-1,9/23/2011 8:00,2.89,17663,United Kingdom
C567950,23234,BISCUIT TIN VINTAGE CHRISTMAS,-6,9/23/2011 8:24,2.89,17069,United Kingdom
C568532,22734,SET OF 6 RIBBONS VINTAGE CHRISTMAS,-6,9/27/2011 13:54,2.89,14356,United Kingdom
C569485,23236,STORAGE TIN VINTAGE DOILY ,-1,10/4/2011 12:47,2.89,12705,Germany
C569891,22588,CARD HOLDER GINGHAM HEART,-1,10/6/2011 15:46,2.89,13924,United Kingdom
C569911,23236,STORAGE TIN VINTAGE DOILY ,-1,10/6/2011 16:47,2.89,16653,United Kingdom
C569971,23247,BISCUIT TIN 50'S CHRISTMAS,-3,10/6/2011 19:20,2.89,16875,United Kingdom
C569989,23236,STORAGE TIN VINTAGE DOILY ,-6,10/6/2011 20:08,2.89,16839,United Kingdom
C570221,23247,BISCUIT TIN 50'S CHRISTMAS,-2,10/9/2011 12:56,2.89,13113,United Kingdom
C570290,23426,METAL SIGN DROP YOUR PANTS,-6,10/10/2011 11:54,2.89,14665,United Kingdom
C570835,23236,STORAGE TIN VINTAGE DOILY ,-5,10/12/2011 13:46,2.89,12457,Switzerland
C570867,22734,SET OF 6 RIBBONS VINTAGE CHRISTMAS,-6,10/12/2011 16:17,2.89,12607,USA
C570867,23518,EMBROIDERED RIBBON REEL RACHEL ,-6,10/12/2011 16:17,2.89,12607,USA
C574030,23236,STORAGE TIN VINTAGE DOILY ,-1,11/2/2011 12:35,2.89,13870,United Kingdom
C574261,23236,STORAGE TIN VINTAGE DOILY ,-4,11/3/2011 14:00,2.89,12683,France
C574473,23234,BISCUIT TIN VINTAGE CHRISTMAS,-6,11/4/2011 12:05,2.89,15809,United Kingdom
C574493,23234,BISCUIT TIN VINTAGE CHRISTMAS,-2,11/4/2011 13:09,2.89,14842,United Kingdom
C574493,23235,STORAGE TIN VINTAGE LEAF,-1,11/4/2011 13:09,2.89,14842,United Kingdom
C574894,23236,STORAGE TIN VINTAGE DOILY ,-1,11/7/2011 14:43,2.89,12597,Spain
C574954,22734,SET OF 6 RIBBONS VINTAGE CHRISTMAS,-6,11/8/2011 9:52,2.89,18223,United Kingdom
C574954,23235,STORAGE TIN VINTAGE LEAF,-1,11/8/2011 9:52,2.89,18223,United Kingdom
C574955,23235,STORAGE TIN VINTAGE LEAF,-5,11/8/2011 9:56,2.89,15066,United Kingdom
C575160,23247,BISCUIT TIN 50'S CHRISTMAS,-1,11/8/2011 16:23,2.89,14911,EIRE
C576229,23236,STORAGE TIN VINTAGE DOILY ,-3,11/14/2011 13:13,2.89,13816,Germany
C576561,23146,TRIPLE HOOK ANTIQUE IVORY ROSE,-1,11/15/2011 13:22,2.89,15311,United Kingdom
C577153,23236,STORAGE TIN VINTAGE DOILY ,-3,11/18/2011 9:54,2.89,13266,United Kingdom
C577330,S,SAMPLES,-1,11/18/2011 14:16,2.89,,United Kingdom
C577363,23235,STORAGE TIN VINTAGE LEAF,-3,11/18/2011 16:17,2.89,12697,Sweden
C577737,22734,SET OF 6 RIBBONS VINTAGE CHRISTMAS,-12,11/21/2011 13:25,2.89,15681,United Kingdom
C577819,23320,GIANT 50'S CHRISTMAS CRACKER,-1,11/22/2011 9:23,2.89,17313,United Kingdom
C578007,23234,BISCUIT TIN VINTAGE CHRISTMAS,-1,11/22/2011 12:40,2.89,16474,United Kingdom
C579192,23320,GIANT 50'S CHRISTMAS CRACKER,-12,11/28/2011 15:43,2.89,12657,France
C579554,22588,CARD HOLDER GINGHAM HEART,-2,11/30/2011 11:05,2.89,13924,United Kingdom
C581148,23247,BISCUIT TIN 50'S CHRISTMAS,-4,12/7/2011 14:02,2.89,12462,Spain
540995,90134,OLD ROSE COMBO BEAD NECKLACE,1,1/13/2011 9:30,2.9,,United Kingdom
540995,90201D,GREEN ENAMEL FLOWER RING,2,1/13/2011 9:30,2.9,,United Kingdom
540995,90011A,MIDNIGHT BLUE CRYSTAL DROP EARRINGS,1,1/13/2011 9:30,2.9,,United Kingdom
541104,90130D,RED STONE/CRYSTAL EARRINGS,1,1/13/2011 14:29,2.9,,United Kingdom
541421,90134,OLD ROSE COMBO BEAD NECKLACE,1,1/17/2011 17:44,2.9,,United Kingdom
541421,90186A,AMETHYST HOOP EARRING FLORAL LEAF,1,1/17/2011 17:44,2.9,,United Kingdom
541422,90183A,AMBER DROP EARRINGS W LONG BEADS,1,1/17/2011 17:48,2.9,,United Kingdom
541422,90202A,PURPLE ENAMEL FLOWER HAIR TIE,1,1/17/2011 17:48,2.9,,United Kingdom
541423,90130B,TURQ STONE/CRYSTAL EARRINGS,1,1/17/2011 17:54,2.9,,United Kingdom
541423,90134,OLD ROSE COMBO BEAD NECKLACE,1,1/17/2011 17:54,2.9,,United Kingdom
541423,90183B,AMETHYST DROP EARRINGS W LONG BEADS,1,1/17/2011 17:54,2.9,,United Kingdom
541516,90183B,AMETHYST DROP EARRINGS W LONG BEADS,1,1/18/2011 17:34,2.9,,United Kingdom
541592,90134,OLD ROSE COMBO BEAD NECKLACE,1,1/19/2011 15:08,2.9,,United Kingdom
541592,90202A,PURPLE ENAMEL FLOWER HAIR TIE,1,1/19/2011 15:08,2.9,,United Kingdom
541592,90202C,GREEN ENAMEL FLOWER HAIR TIE,1,1/19/2011 15:08,2.9,,United Kingdom
541695,90027C,GLASS BEAD HOOP EARRINGS GREEN,1,1/20/2011 18:01,2.9,,United Kingdom
541695,90177B,DROP DIAMANTE EARRINGS BLACK DIAMON,1,1/20/2011 18:01,2.9,,United Kingdom
541696,90186A,AMETHYST HOOP EARRING FLORAL LEAF,2,1/20/2011 18:08,2.9,,United Kingdom
541696,90202A,PURPLE ENAMEL FLOWER HAIR TIE,2,1/20/2011 18:08,2.9,,United Kingdom
541696,90202B,WHITE ENAMEL FLOWER HAIR TIE,2,1/20/2011 18:08,2.9,,United Kingdom
541696,90202D,PINK ENAMEL FLOWER HAIR TIE,2,1/20/2011 18:08,2.9,,United Kingdom
541969,90011A,MIDNIGHT BLUE CRYSTAL DROP EARRINGS,1,1/24/2011 13:46,2.9,,United Kingdom
541971,90190A,SILVER/CRYSTAL DROP EARRINGS W LEAF,2,1/24/2011 13:48,2.9,,United Kingdom
541971,90201A,PURPLE ENAMEL FLOWER RING,2,1/24/2011 13:48,2.9,,United Kingdom
541971,90201B,BLACK ENAMEL FLOWER RING,1,1/24/2011 13:48,2.9,,United Kingdom
541971,90201C,RED ENAMEL FLOWER RING,1,1/24/2011 13:48,2.9,,United Kingdom
541971,90201D,GREEN ENAMEL FLOWER RING,1,1/24/2011 13:48,2.9,,United Kingdom
541971,90134,OLD ROSE COMBO BEAD NECKLACE,1,1/24/2011 13:48,2.9,,United Kingdom
541999,90134,OLD ROSE COMBO BEAD NECKLACE,2,1/25/2011 10:45,2.9,,United Kingdom
542344,90202B,WHITE ENAMEL FLOWER HAIR TIE,1,1/27/2011 11:30,2.9,,United Kingdom
542541,90183A,AMBER DROP EARRINGS W LONG BEADS,1,1/28/2011 14:25,2.9,,United Kingdom
542541,90183C,BLACK DROP EARRINGS W LONG BEADS,1,1/28/2011 14:25,2.9,,United Kingdom
542541,90190C,SILVER/AMETHYST DROP EARRINGS LEAF,1,1/28/2011 14:25,2.9,,United Kingdom
542622,90134,OLD ROSE COMBO BEAD NECKLACE,2,1/31/2011 9:09,2.9,,United Kingdom
543013,90202A,PURPLE ENAMEL FLOWER HAIR TIE,1,2/2/2011 13:35,2.9,,United Kingdom
543660,90202D,PINK ENAMEL FLOWER HAIR TIE,1,2/11/2011 10:40,2.9,,United Kingdom
544434,90134,OLD ROSE COMBO BEAD NECKLACE,1,2/18/2011 16:12,2.9,,United Kingdom
544434,90190A,SILVER/CRYSTAL DROP EARRINGS W LEAF,1,2/18/2011 16:12,2.9,,United Kingdom
544598,90201D,GREEN ENAMEL FLOWER RING,1,2/21/2011 18:10,2.9,,United Kingdom
544812,90201D,GREEN ENAMEL FLOWER RING,1,2/23/2011 15:58,2.9,,United Kingdom
545215,90134,OLD ROSE COMBO BEAD NECKLACE,1,2/28/2011 16:47,2.9,,United Kingdom
545215,90201D,GREEN ENAMEL FLOWER RING,1,2/28/2011 16:47,2.9,,United Kingdom
545216,90011B,BLACK CRYSTAL DROP EARRINGS,1,2/28/2011 16:50,2.9,,United Kingdom
570488,84987,SET OF 36 TEATIME PAPER DOILIES,1,10/10/2011 17:12,2.92,14096,United Kingdom
570688,22416,SET OF 36 DOILIES SPACEBOY DESIGN ,1,10/11/2011 16:29,2.92,,United Kingdom
570688,22950,36 DOILIES VINTAGE CHRISTMAS,1,10/11/2011 16:29,2.92,,United Kingdom
570690,22950,36 DOILIES VINTAGE CHRISTMAS,1,10/11/2011 16:37,2.92,,United Kingdom
570690,23269,SET OF 2 CERAMIC CHRISTMAS TREES,1,10/11/2011 16:37,2.92,,United Kingdom
570690,84987,SET OF 36 TEATIME PAPER DOILIES,1,10/11/2011 16:37,2.92,,United Kingdom
570871,23269,SET OF 2 CERAMIC CHRISTMAS TREES,1,10/12/2011 16:36,2.92,,United Kingdom
570872,22981,PANTRY APPLE CORER,1,10/12/2011 16:40,2.92,,United Kingdom
570872,23306,SET OF 36 DOILIES PANTRY DESIGN,1,10/12/2011 16:40,2.92,,United Kingdom
571082,22950,36 DOILIES VINTAGE CHRISTMAS,1,10/13/2011 15:25,2.92,,United Kingdom
571257,84988,SET OF 72 PINK HEART PAPER DOILIES,1,10/14/2011 17:17,2.92,,United Kingdom
571257,22416,SET OF 36 DOILIES SPACEBOY DESIGN ,1,10/14/2011 17:17,2.92,,United Kingdom
571257,23306,SET OF 36 DOILIES PANTRY DESIGN,1,10/14/2011 17:17,2.92,,United Kingdom
571441,21210,SET OF 72 RETROSPOT PAPER  DOILIES,1,10/17/2011 13:31,2.92,14096,United Kingdom
571441,84988,SET OF 72 PINK HEART PAPER DOILIES,10,10/17/2011 13:31,2.92,14096,United Kingdom
571508,21211,SET OF 72 SKULL PAPER  DOILIES,2,10/17/2011 15:27,2.92,,United Kingdom
571508,23306,SET OF 36 DOILIES PANTRY DESIGN,2,10/17/2011 15:27,2.92,,United Kingdom
571713,22567,20 DOLLY PEGS RETROSPOT,1,10/18/2011 16:58,2.92,,United Kingdom
571716,22981,PANTRY APPLE CORER,2,10/18/2011 17:05,2.92,,United Kingdom
571716,23306,SET OF 36 DOILIES PANTRY DESIGN,1,10/18/2011 17:05,2.92,,United Kingdom
571716,84988,SET OF 72 PINK HEART PAPER DOILIES,1,10/18/2011 17:05,2.92,,United Kingdom
571931,23269,SET OF 2 CERAMIC CHRISTMAS TREES,1,10/19/2011 16:59,2.92,,United Kingdom
572540,21815,STAR  T-LIGHT HOLDER ,2,10/24/2011 16:17,2.92,,United Kingdom
572540,23269,SET OF 2 CERAMIC CHRISTMAS TREES,1,10/24/2011 16:17,2.92,,United Kingdom
572549,21974,SET OF 36 PAISLEY FLOWER DOILIES,2,10/24/2011 17:03,2.92,,United Kingdom
572549,22567,20 DOLLY PEGS RETROSPOT,1,10/24/2011 17:03,2.92,,United Kingdom
572549,23306,SET OF 36 DOILIES PANTRY DESIGN,1,10/24/2011 17:03,2.92,,United Kingdom
572549,84988,SET OF 72 PINK HEART PAPER DOILIES,1,10/24/2011 17:03,2.92,,United Kingdom
572552,84988,SET OF 72 PINK HEART PAPER DOILIES,1,10/24/2011 17:07,2.92,14096,United Kingdom
572553,23306,SET OF 36 DOILIES PANTRY DESIGN,1,10/24/2011 17:09,2.92,,United Kingdom
572758,21210,SET OF 72 RETROSPOT PAPER  DOILIES,1,10/25/2011 18:39,2.92,,United Kingdom
572758,22949,SET OF 36 DOLLY GIRL PAPER DOILIES,1,10/25/2011 18:39,2.92,,United Kingdom
572758,22981,PANTRY APPLE CORER,1,10/25/2011 18:39,2.92,,United Kingdom
572758,23306,SET OF 36 PANTRY PAPER DOILIES,1,10/25/2011 18:39,2.92,,United Kingdom
572758,84987,SET OF 36 TEATIME PAPER DOILIES,1,10/25/2011 18:39,2.92,,United Kingdom
572758,84988,SET OF 72 PINK HEART PAPER DOILIES,1,10/25/2011 18:39,2.92,,United Kingdom
573137,22981,PANTRY APPLE CORER,1,10/27/2011 17:15,2.92,,United Kingdom
573576,21974,SET OF 36 PAISLEY FLOWER DOILIES,1,10/31/2011 14:09,2.92,14096,United Kingdom
573585,21210,SET OF 72 RETROSPOT PAPER  DOILIES,2,10/31/2011 14:41,2.92,,United Kingdom
573585,21974,SET OF 36 PAISLEY FLOWER DOILIES,1,10/31/2011 14:41,2.92,,United Kingdom
573585,22567,20 DOLLY PEGS RETROSPOT,1,10/31/2011 14:41,2.92,,United Kingdom
573585,22950,SET OF 36 VINTAGE CHRISTMAS DOILIES,6,10/31/2011 14:41,2.92,,United Kingdom
573585,23269,SET OF 2 CERAMIC CHRISTMAS TREES,4,10/31/2011 14:41,2.92,,United Kingdom
573585,23306,SET OF 36 PANTRY PAPER DOILIES,3,10/31/2011 14:41,2.92,,United Kingdom
573585,84987,SET OF 36 TEATIME PAPER DOILIES,1,10/31/2011 14:41,2.92,,United Kingdom
573585,84988,SET OF 72 PINK HEART PAPER DOILIES,3,10/31/2011 14:41,2.92,,United Kingdom
574074,22950,SET OF 36 VINTAGE CHRISTMAS DOILIES,5,11/2/2011 15:33,2.92,,United Kingdom
574074,23306,SET OF 36 PANTRY PAPER DOILIES,1,11/2/2011 15:33,2.92,,United Kingdom
574074,72811,SMALL ZINC/GLASS CANDLEHOLDER,3,11/2/2011 15:33,2.92,,United Kingdom
574074,84988,SET OF 72 PINK HEART PAPER DOILIES,1,11/2/2011 15:33,2.92,,United Kingdom
574076,22567,20 DOLLY PEGS RETROSPOT,1,11/2/2011 15:38,2.92,,United Kingdom
574298,84988,SET OF 72 PINK HEART PAPER DOILIES,2,11/3/2011 15:56,2.92,,United Kingdom
574561,84988,SET OF 72 PINK HEART PAPER DOILIES,1,11/4/2011 15:52,2.92,,United Kingdom
574950,21974,SET OF 36 PAISLEY FLOWER DOILIES,1,11/8/2011 9:29,2.92,,United Kingdom
574950,23269,SET OF 2 CERAMIC CHRISTMAS TREES,1,11/8/2011 9:29,2.92,,United Kingdom
574950,23306,SET OF 36 PANTRY PAPER DOILIES,1,11/8/2011 9:29,2.92,,United Kingdom
575176,23306,SET OF 36 PANTRY PAPER DOILIES,3,11/8/2011 18:29,2.92,,United Kingdom
575176,84987,SET OF 36 TEATIME PAPER DOILIES,1,11/8/2011 18:29,2.92,,United Kingdom
575177,22981,PANTRY APPLE CORER,1,11/8/2011 18:41,2.92,,United Kingdom
575177,23306,SET OF 36 PANTRY PAPER DOILIES,1,11/8/2011 18:41,2.92,,United Kingdom
575177,72811,SMALL ZINC/GLASS CANDLEHOLDER,1,11/8/2011 18:41,2.92,,United Kingdom
575477,22567,20 DOLLY PEGS RETROSPOT,1,11/9/2011 16:14,2.92,,United Kingdom
575607,21210,SET OF 72 RETROSPOT PAPER  DOILIES,1,11/10/2011 12:37,2.92,14096,United Kingdom
575607,21974,SET OF 36 PAISLEY FLOWER DOILIES,3,11/10/2011 12:37,2.92,14096,United Kingdom
575607,23306,SET OF 36 PANTRY PAPER DOILIES,1,11/10/2011 12:37,2.92,14096,United Kingdom
575607,84987,SET OF 36 TEATIME PAPER DOILIES,2,11/10/2011 12:37,2.92,14096,United Kingdom
575739,22981,PANTRY APPLE CORER,1,11/11/2011 9:05,2.92,,United Kingdom
575739,23269,SET OF 2 CERAMIC CHRISTMAS TREES,1,11/11/2011 9:05,2.92,,United Kingdom
575739,23270,SET OF 2 CERAMIC PAINTED HEARTS ,1,11/11/2011 9:05,2.92,,United Kingdom
575875,21210,SET OF 72 RETROSPOT PAPER  DOILIES,1,11/11/2011 13:06,2.92,,United Kingdom
575875,21974,SET OF 36 PAISLEY FLOWER DOILIES,1,11/11/2011 13:06,2.92,,United Kingdom
575875,22567,20 DOLLY PEGS RETROSPOT,1,11/11/2011 13:06,2.92,,United Kingdom
575875,23269,SET OF 2 CERAMIC CHRISTMAS TREES,1,11/11/2011 13:06,2.92,,United Kingdom
575875,23306,SET OF 36 PANTRY PAPER DOILIES,2,11/11/2011 13:06,2.92,,United Kingdom
575930,21210,SET OF 72 RETROSPOT PAPER  DOILIES,1,11/11/2011 17:58,2.92,,United Kingdom
575930,21974,SET OF 36 PAISLEY FLOWER DOILIES,2,11/11/2011 17:58,2.92,,United Kingdom
575930,22567,20 DOLLY PEGS RETROSPOT,1,11/11/2011 17:58,2.92,,United Kingdom
575930,23306,SET OF 36 PANTRY PAPER DOILIES,1,11/11/2011 17:58,2.92,,United Kingdom
576329,84988,SET OF 72 PINK HEART PAPER DOILIES,3,11/14/2011 15:22,2.92,,United Kingdom
576339,21974,SET OF 36 PAISLEY FLOWER DOILIES,1,11/14/2011 15:27,2.92,14096,United Kingdom
576339,84988,SET OF 72 PINK HEART PAPER DOILIES,1,11/14/2011 15:27,2.92,14096,United Kingdom
576617,23306,SET OF 36 PANTRY PAPER DOILIES,2,11/15/2011 16:57,2.92,,United Kingdom
576617,84988,SET OF 72 PINK HEART PAPER DOILIES,1,11/15/2011 16:57,2.92,,United Kingdom
576837,84988,SET OF 72 PINK HEART PAPER DOILIES,1,11/16/2011 15:16,2.92,,United Kingdom
576840,21210,SET OF 72 RETROSPOT PAPER  DOILIES,1,11/16/2011 15:23,2.92,,United Kingdom
